address,original_airdrop_amount,reported_time
sif100snz8vss9gqhchg90mcgzkjaju2k76y7h9n6d,327.997900813435,2021-07-05 21:16:12.042601+00:00
sif102uur87a3xt2wep6hzpqjujjxau0ge7wzcmdkh,278.768956289028,2021-07-05 21:16:12.042601+00:00
sif103mm85chvwsvwnkyzg39udejs8uqswgvhauu23,327.997900813435,2021-07-05 21:16:12.042601+00:00
sif1072u3s0444hkd2cv5yux875g6pgqzxvm3wpyjv,327.997900813435,2021-07-05 21:16:12.042601+00:00
sif10759cxaj8grn5l3452npjqaqt8s4t76x4s9me8,327.997900813435,2021-07-05 21:16:12.042601+00:00
sif107jzgf0gfs6p7vs9r02pwwj7yzwkk987k86urp,327.997900813435,2021-07-05 21:16:12.042601+00:00
sif10de5ad0fxf67dxvh27tapjnwusp53nffydzx7x,327.997900813435,2021-07-05 21:16:12.042601+00:00
sif10e3eykw99tga6k7z7wlgj2yvenaqj65ld8m0ea,724.560682394591,2021-07-05 21:16:12.042601+00:00
sif10frjrtzn9tq58wnsnl32u06fl6f93j7asyjac6,327.997900813435,2021-07-05 21:16:12.042601+00:00
sif10gezvswgtaj8gxz03wam589r6g08phpq782895,327.997900813435,2021-07-05 21:16:12.042601+00:00
sif10k7aj8kkw7vwxh9ygruyf45fcn46n8sy4p6a2e,327.997900813435,2021-07-05 21:16:12.042601+00:00
sif10khsvqgllqgu0lkgy4ylwuz2qvnhxvn7wclwww,327.997900813435,2021-07-05 21:16:12.042601+00:00
sif10mn2f0qfm6czdfy395lfhxuu897ucy7ecr43hc,327.997900813435,2021-07-05 21:16:12.042601+00:00
sif10n5muj6gy9dfrrgt2mw93kay6ut5nqu9a7846d,327.997900813435,2021-07-05 21:16:12.042601+00:00
sif10nl66sup69egln5ps5cr0fzszk6eed77rnfst3,724.560682394591,2021-07-05 21:16:12.042601+00:00
sif10tmd3uqseljcc6ly7pdhyz2lxmqsdyst9zdygl,327.997900813435,2021-07-05 21:16:12.042601+00:00
sif10vrqhn8ywf2k37h54lz5kvuhh2z5lg8lfet0j6,278.768956289028,2021-07-05 21:16:12.042601+00:00
sif10wkue7n3cyvtktrruukw2nsttutrm2n7ntmny8,278.768956289028,2021-07-05 21:16:12.042601+00:00
sif10wrp8ah57fqg07dynds4d008rqjmp4prwh7tru,327.997900813435,2021-07-05 21:16:12.042601+00:00
sif120tcs3s47rlc4hg4hlszxkum2tsssr25h7frxr,327.997900813435,2021-07-05 21:16:12.042601+00:00
sif126e08eefqthr6wqejfl0chz0yhnazlgc6l7qn0,327.997900813435,2021-07-05 21:16:12.042601+00:00
sif126rz7vg32p9aqn4vql9uq5lq9xwvck0pmvxwj9,327.997900813435,2021-07-05 21:16:12.042601+00:00
sif128pc52g6z224wr7swqsl526wlgjxa2s4ag667t,278.768956289028,2021-07-05 21:16:12.042601+00:00
sif12a6gqrq8e8w5nadelkc9q797zppz73jeddf3vv,327.997900813435,2021-07-05 21:16:12.042601+00:00
sif12almxmpy3l5jd93m4mtwn4hcs2vtd3jc0f3n83,327.997900813435,2021-07-05 21:16:12.042601+00:00
sif12d9e38nf3mys0gmj8m76dtuqzn2w9sz09zppj6,327.997900813435,2021-07-05 21:16:12.042601+00:00
sif12ejq4nuprlua9wwp3040ds7auj9lpy7pecnlqc,606.766857102463,2021-07-05 21:16:12.042601+00:00
sif12f59w5yvlke7uhne900rtwz5xrrhtjyr7wwsva,606.766857102463,2021-07-05 21:16:12.042601+00:00
sif12n6sdxafcgt8rduufmntzrpfdhneug654nj5fs,327.997900813435,2021-07-05 21:16:12.042601+00:00
sif12nkf89rc9gd402e2x92jgm9u36a5n6jehj2vw9,327.997900813435,2021-07-05 21:16:12.042601+00:00
sif12pml6pnf23vm650ffmnhsxy5x93f9smu2wk6pf,278.768956289028,2021-07-05 21:16:12.042601+00:00
sif12ppzrdr3jjazj789u7yjlf5zp9m7jexmwmj5ta,327.997900813435,2021-07-05 21:16:12.042601+00:00
sif12ssjqeh4u53kafpzvd93wu97cqxtz8xswm7eh7,724.560682394591,2021-07-05 21:16:12.042601+00:00
sif12ua9080spayapwlsct68mzm0kynettku0g3aqu,327.997900813435,2021-07-05 21:16:12.042601+00:00
sif12uk22nzee0hgahzttujcdce78ax627asznh7yf,278.768956289028,2021-07-05 21:16:12.042601+00:00
sif12uz57rx42lyj2afe70huf068y52wz9zw64d6ld,327.997900813435,2021-07-05 21:16:12.042601+00:00
sif12w94xqxlrwk2rxuc386wgghykzsnqyg6qv4q23,327.997900813435,2021-07-05 21:16:12.042601+00:00
sif12xvqfjs25yvhur0msd5ajmgkz7lzf99mqfyf3w,327.997900813435,2021-07-05 21:16:12.042601+00:00
sif12zd9rtfv46wmszqarf57j7ydm92qx3hu7drcx5,327.997900813435,2021-07-05 21:16:12.042601+00:00
sif133hr4hdyfcnutrl8k0nsgsgn5w862z7r8xm638,327.997900813435,2021-07-05 21:16:12.042601+00:00
sif138s8cmcw9wlmnyc23cl5gnurzkxgtrw2ffx79z,327.997900813435,2021-07-05 21:16:12.042601+00:00
sif139ydm94pwgefn49uwsaedva2jqwwjxe2uznmp2,327.997900813435,2021-07-05 21:16:12.042601+00:00
sif13d7a34lw7efq0ac4ghur9jcjjcck0h82p66dvh,1052.558583208026,2021-07-05 21:16:12.042601+00:00
sif13ev5l83urrpmdyuajx89envpy9ld3j88nm8wn9,327.997900813435,2021-07-05 21:16:12.042601+00:00
sif13gx0s3ml7efvjz8tnxj5pcwjj8hwx0x4peg7ja,327.997900813435,2021-07-05 21:16:12.042601+00:00
sif13jrd9wnx47hj43ky029nx8q4laumxl5lahtzlt,327.997900813435,2021-07-05 21:16:12.042601+00:00
sif13n4ejlhem8mypyqra0fpplzqpv29efxc2fem4r,327.997900813435,2021-07-05 21:16:12.042601+00:00
sif13nvljnskngrph63w3ef9hsh32fy7968vg3at0p,327.997900813435,2021-07-05 21:16:12.042601+00:00
sif13q6d2mcyx9ah0vmdg2xtvawcpvwzr864wym5vw,724.560682394591,2021-07-05 21:16:12.042601+00:00
sif13rkcu6gvy9ppmvven3uldcmmqnpem9k7sxz4e0,327.997900813435,2021-07-05 21:16:12.042601+00:00
sif13tfwk7xhv40ge5wwnhcgf5cwxg40vym0x0rks3,445.791726105563,2021-07-05 21:16:12.042601+00:00
sif13tk44j7w2kwmx72grpzdxhq7z64rf48sf75u88,327.997900813435,2021-07-05 21:16:12.042601+00:00
sif13vhf3h5nk58hrktam0w698eh6wsz6c09ngkdwl,278.768956289028,2021-07-05 21:16:12.042601+00:00
sif13wzzlv0z7jcex8l2fws9ry5ecwr8tsv2pwrmxj,327.997900813435,2021-07-05 21:16:12.042601+00:00
sif13zalp6t8aqvvhlp0y2tx35llv4ede974rx8d0v,327.997900813435,2021-07-05 21:16:12.042601+00:00
sif142dzq77e7j666qdwrchh7r8y5zsd88nmhppd3u,327.997900813435,2021-07-05 21:16:12.042601+00:00
sif142vt9k27qmg9dfgt4gj02x879tnt330ce2y7pe,327.997900813435,2021-07-05 21:16:12.042601+00:00
sif1435ljsgds7g6ktcmauzrgc6dynwczvj2n84gkn,327.997900813435,2021-07-05 21:16:12.042601+00:00
sif143jqyay8rxugjnywrx5ngljk05z0x06xddznsn,445.791726105563,2021-07-05 21:16:12.042601+00:00
sif144akcmpd0xwl5ftz9c8pkgtnumhl300c907zrs,327.997900813435,2021-07-05 21:16:12.042601+00:00
sif146vcjexr2etgq0wl6w2vfnjnml4j6s905qgldm,327.997900813435,2021-07-05 21:16:12.042601+00:00
sif148c8wrna8fldzpjqzcltlpfx5jw09hd3mjr5tj,278.768956289028,2021-07-05 21:16:12.042601+00:00
sif14e2u45hdgmysz6gvfvc88y35wj2jpzu7wswq76,327.997900813435,2021-07-05 21:16:12.042601+00:00
sif14ezfh94czkrjq674ry0s4m3mavcaaswwwtnzfx,278.768956289028,2021-07-05 21:16:12.042601+00:00
sif14fyd28wucuhe6csyy26xecpmvquwak9ld5rr85,327.997900813435,2021-07-05 21:16:12.042601+00:00
sif14gzyqslyztvewsddlhx7zsfjjj24vvxcjjrszd,327.997900813435,2021-07-05 21:16:12.042601+00:00
sif14ketjnmprp4nhstgs4mqxstg3qjp8zr05p8nfa,327.997900813435,2021-07-05 21:16:12.042601+00:00
sif14m9p2dlejyqkzvm4t89xcux32fymf982jlql96,724.560682394591,2021-07-05 21:16:12.042601+00:00
sif14y2uy87s0erdy2znkhg5urjpf67hf35r475suu,724.560682394591,2021-07-05 21:16:12.042601+00:00
sif1503gea0avt5rqx24dxgsc7zh8eduk5qz9c6r9w,327.997900813435,2021-07-05 21:16:12.042601+00:00
sif154snewcf2qt25v966yznygwgg5kmxl9a9l3qgp,327.997900813435,2021-07-05 21:16:12.042601+00:00
sif156laxynyktgx9gl5kp3ah8agyj2q5qqkqcalrj,327.997900813435,2021-07-05 21:16:12.042601+00:00
sif158lzd0c0d0h0w33afauczlgr2uljjrvdtdsk3w,327.997900813435,2021-07-05 21:16:12.042601+00:00
sif15fx7nzsup5jzr267tew0kgfgncmda7ms8wndyj,327.997900813435,2021-07-05 21:16:12.042601+00:00
sif15gpt62ve0f3w5rnjv90tm3cm4c930fct6v4gjc,327.997900813435,2021-07-05 21:16:12.042601+00:00
sif15jh7rxzvs3ew4x0ycrx3qwe6g6mu74dpj6xkcq,724.560682394591,2021-07-05 21:16:12.042601+00:00
sif15k05a0fq7yc0cwgkeccjtanz9q5tej3kjkxyff,327.997900813435,2021-07-05 21:16:12.042601+00:00
sif15n8qj42ymcjawsnyvr3xhy40sv0exgdqa7vulm,327.997900813435,2021-07-05 21:16:12.042601+00:00
sif15pfyudgpqqlnrnrzhu2wle6juu25d6g6mxyp3n,327.997900813435,2021-07-05 21:16:12.042601+00:00
sif15q5ta2svjulujztdat08335fyh05tqmkfpp90m,278.768956289028,2021-07-05 21:16:12.042601+00:00
sif15q63teytf3zv9tsk3ucy55234897260lajdvxv,327.997900813435,2021-07-05 21:16:12.042601+00:00
sif15sjl5cv7gvtpvp5a6kdplfmz4z57rj9kfqep0f,327.997900813435,2021-07-05 21:16:12.042601+00:00
sif15t28ywzgvpah7m2zyz2wygq8jhrxp4vc64m00n,278.768956289028,2021-07-05 21:16:12.042601+00:00
sif15t87qflf3hxy3qsqekwewn52gccpzwtqwwwhpv,327.997900813435,2021-07-05 21:16:12.042601+00:00
sif15tak0zj64uq7z8ak22mdppcr60pg5jwchu4e9f,327.997900813435,2021-07-05 21:16:12.042601+00:00
sif15tw7y0760hhzk549m6eqxxd6rgz62l334cv6tj,327.997900813435,2021-07-05 21:16:12.042601+00:00
sif15u6zxcact3p4cw84gwf63kzswwt0hjdtvpqmnz,445.791726105563,2021-07-05 21:16:12.042601+00:00
sif15ywxx3w2rpzq8nesccm4906qf6grveadqhl7m4,724.560682394591,2021-07-05 21:16:12.042601+00:00
sif15zwj8t22r0lfrh77ukh97q3aemgqt2v6g34uk4,327.997900813435,2021-07-05 21:16:12.042601+00:00
sif160pn95lu04gzf7kna7mw6sdv63jeequ9epgqxd,445.791726105563,2021-07-05 21:16:12.042601+00:00
sif160sudzdvmvq7hcadj5zch38clje8reat7vvtvm,724.560682394591,2021-07-05 21:16:12.042601+00:00
sif163zzk5ez25v72wjzsgndagsr9f9vz7amtxx2w7,445.791726105563,2021-07-05 21:16:12.042601+00:00
sif1643c5dsu8z75a9739her7603um72c5v6au4ycr,445.791726105563,2021-07-05 21:16:12.042601+00:00
sif165700zcrnwvnw3vfqaxymrpuf4m6ug8ap9e9l7,445.791726105563,2021-07-05 21:16:12.042601+00:00
sif165h0cw37k9lv4y6c5z25qfus00a76nrahaqqu5,278.768956289028,2021-07-05 21:16:12.042601+00:00
sif165y8ufwxsuwe39ahtzt4zkv3repdk7su6npj40,327.997900813435,2021-07-05 21:16:12.042601+00:00
sif16cgazvzj2x5xtpy35jw7dly869ud87yy2hpfla,327.997900813435,2021-07-05 21:16:12.042601+00:00
sif16cjt3gg3dd9ny5rwh75sz0cwz045jv35fm6qqj,327.997900813435,2021-07-05 21:16:12.042601+00:00
sif16d374e4hcaam2sfnpkcjaulls7ym3qsg94780p,278.768956289028,2021-07-05 21:16:12.042601+00:00
sif16ffy20c89shh2prt2jcpp39ct62lutd9cplx2s,327.997900813435,2021-07-05 21:16:12.042601+00:00
sif16fls7x5nqqtcs4j0as5auj9dja7jjde0n749q4,327.997900813435,2021-07-05 21:16:12.042601+00:00
sif16ju64lmfjppv35kyx6a96yuzewzc4ks0jumpqj,327.997900813435,2021-07-05 21:16:12.042601+00:00
sif16phzcsnsuwe3dzjcpsgtlga56zazw90yf050sa,327.997900813435,2021-07-05 21:16:12.042601+00:00
sif16rm2x29achz4yuem0cz8nuz9wg4qzeku4k2864,327.997900813435,2021-07-05 21:16:12.042601+00:00
sif16ue0xazn524u03hrcn20us277j673x8rjhehx0,327.997900813435,2021-07-05 21:16:12.042601+00:00
sif1zlxgccg0swxmh3kvkzetsy9nmkllfq8plctnng,327.997900813435,2021-07-05 21:16:12.042601+00:00
sif1zptlx7kaqhjv0ghmpl4g30wjzuyn7a9efyldcd,1052.558583208026,2021-07-05 21:16:12.042601+00:00
sif1zqq3x45dsax7f8zprqq0fyawm8mdrm57qhavhr,327.997900813435,2021-07-05 21:16:12.042601+00:00
sif1zsm89rrlsp0y5tlnkpvsuqkpshd208hrl3rkuz,327.997900813435,2021-07-05 21:16:12.042601+00:00
sif1zss3407wtcl7tfgdy52687hds5w0hcqfct4kd2,327.997900813435,2021-07-05 21:16:12.042601+00:00
sif1ztjt67e8v4mvw8eslurg2nz5dwykfq04arvg78,327.997900813435,2021-07-05 21:16:12.042601+00:00
sif1zxnq854938ph4a759rncwzhsm94xmuv3ymvzyr,327.997900813435,2021-07-05 21:16:12.042601+00:00
sif1zzxqdtrgs3kzn32fu3rnlnn34945ue86nuwxv9,327.997900813435,2021-07-05 21:16:12.042601+00:00
sif177slaqqagkk7xxres9uq6hlap6jpffaw8nkulh,327.997900813435,2021-07-05 21:16:12.042601+00:00
sif1796985nny4m43azdd4aelajxjcv4gftejm9al9,327.997900813435,2021-07-05 21:16:12.042601+00:00
sif17c9gpdg5d47ehygrdlp4faedjrzha8x3zzffhd,327.997900813435,2021-07-05 21:16:12.042601+00:00
sif17ch3nq3ys5m9xqm7w4vnnkl6ws9408cpcq4jma,327.997900813435,2021-07-05 21:16:12.042601+00:00
sif17ctzpcfc03yy0kk529tsve7y6ymv94feg4f6hm,445.791726105563,2021-07-05 21:16:12.042601+00:00
sif17hdte7ng7qnfshlu89hk2lhza6hck3wsnezf0h,445.791726105563,2021-07-05 21:16:12.042601+00:00
sif17ka9274jj7zaravx8gntm7tl9wg5qj2n8fyych,327.997900813435,2021-07-05 21:16:12.042601+00:00
sif17t8a964ukz4shnvjsu0uje4n490e34rwnt8f6n,327.997900813435,2021-07-05 21:16:12.042601+00:00
sif17ug78e45tnpzwe4dln5a0q0eda7al00rdwve9r,724.560682394591,2021-07-05 21:16:12.042601+00:00
sif17w6c3rcpas3snegnfaflejlju4cy6wc46vljws,327.997900813435,2021-07-05 21:16:12.042601+00:00
sif17yhuk76x7q7dyznyjfl07hjus527vs0hq9x3hv,327.997900813435,2021-07-05 21:16:12.042601+00:00
sif183ajgjqn27vj8rd6mh74drl7uhue3mqnfwruec,327.997900813435,2021-07-05 21:16:12.042601+00:00
sif188upujnnv2gtgjfpczksmdpyzagr7n0myz2964,278.768956289028,2021-07-05 21:16:12.042601+00:00
sif18ehasa3dpun5zycey0vqrcfph3cxajxsnkmwmq,327.997900813435,2021-07-05 21:16:12.042601+00:00
sif18hkfuhkk8e9cqzty5dtx7kwk78m56ax8xee730,327.997900813435,2021-07-05 21:16:12.042601+00:00
sif18pguhayg7grz2dr0lfc5p0efc06ptl9m8fdkm7,327.997900813435,2021-07-05 21:16:12.042601+00:00
sif18q7g2rehxp82n2wxjgncysylrevumqf5gn6nw3,327.997900813435,2021-07-05 21:16:12.042601+00:00
sif18r82pzr3ql7setjqh8d8te858ms8ps2lxwj2rw,327.997900813435,2021-07-05 21:16:12.042601+00:00
sif18r8g6ftez48et98ex3yy8avrq8wjzt8w96yeaa,327.997900813435,2021-07-05 21:16:12.042601+00:00
sif18rfnyhe7lnpcxmkw2ggcc4y5g54e8fjyay29pz,327.997900813435,2021-07-05 21:16:12.042601+00:00
sif18s7sn6n0lecum6wzh0zf9gdq8txtw90zfs5lwt,327.997900813435,2021-07-05 21:16:12.042601+00:00
sif18tqcq8r42l42v2dg8dlxjaqfz7s66kpvns6g22,327.997900813435,2021-07-05 21:16:12.042601+00:00
sif18xvkgat7mgfdjmztv2zw3p8p6qef8nq2q5e2da,327.997900813435,2021-07-05 21:16:12.042601+00:00
sif192e38kndjd0qcwac4x2392xl5szp2y0ce6fmnn,278.768956289028,2021-07-05 21:16:12.042601+00:00
sif1944ryqrqvm5v5w8wsfdgntfggjq8ly23hyxq5x,327.997900813435,2021-07-05 21:16:12.042601+00:00
sif194nyg8rvnnxj2zxkhrs6xnmatjpjhw606fntra,327.997900813435,2021-07-05 21:16:12.042601+00:00
sif194swukntjr22803e7j73tssvcnrchpg329xu4q,278.768956289028,2021-07-05 21:16:12.042601+00:00
sif1969hhcugkzsed3guaar9ph3gvep9cz2yc6jx35,327.997900813435,2021-07-05 21:16:12.042601+00:00
sif199mh95u6f768kjdst0vzf5p3ywvznjdpqy528u,327.997900813435,2021-07-05 21:16:12.042601+00:00
sif19et7pfcvuvt8u3vny89ny0stzt4zgtve75lvh2,327.997900813435,2021-07-05 21:16:12.042601+00:00
sif19pyv4q3zg9s3x85rh4pek7540cacvh7kt8gdt3,327.997900813435,2021-07-05 21:16:12.042601+00:00
sif19r2cxy9xtwkcahay6sa5r6wv2j9y4wjec79ll0,327.997900813435,2021-07-05 21:16:12.042601+00:00
sif19ryupy228mqtyfynacu6rftr2vh3w2x255hjen,327.997900813435,2021-07-05 21:16:12.042601+00:00
sif19xew5txww55750ajnhq0s7rnpdu8wyp3sa9rch,327.997900813435,2021-07-05 21:16:12.042601+00:00
sif19xps82pv89x90wd78stlu5myp9esaj884hek2z,278.768956289028,2021-07-05 21:16:12.042601+00:00
sif19xuucwcjl5m4lv3az396q6ynq5whkf7p4rl9xv,9748.465925985998,2021-07-05 21:16:12.042601+00:00
sif1a42a0qsvt6p52tx8w8shp4rc4rgpe68fmlntmq,327.997900813435,2021-07-05 21:16:12.042601+00:00
sif1a5z74emu2ags4dene5y9su7wpt4mnl5wjk7u5e,327.997900813435,2021-07-05 21:16:12.042601+00:00
sif1a72qfx22csa4da5kaqppzpdedf069j7fe3np2s,327.997900813435,2021-07-05 21:16:12.042601+00:00
sif1a75402f2z7gdtgqqk4ep083z3s707p5c9h2y89,327.997900813435,2021-07-05 21:16:12.042601+00:00
sif1a7apazn50n55jgnphrhvh9cufqh2sp8p9dyf2s,327.997900813435,2021-07-05 21:16:12.042601+00:00
sif1aejxe4zpye57q9zp3xawq8a0pgq9mt6vfkpuxk,445.791726105563,2021-07-05 21:16:12.042601+00:00
sif1ahsdnwrnk7fheg5ga20d7j4fezrd5kmpau02z6,327.997900813435,2021-07-05 21:16:12.042601+00:00
sif1ann67kfc3znhd5f8clfqswm7je735vs5hnsgtp,327.997900813435,2021-07-05 21:16:12.042601+00:00
sif1auzavszv0dguvslgcaj89h78wj62clk8frn6jp,327.997900813435,2021-07-05 21:16:12.042601+00:00
sif1ax72zeah59298st4uen654wt74wy0kjwrjkctg,327.997900813435,2021-07-05 21:16:12.042601+00:00
sif1axadee7v2ynxr6yxep8qgs23tnht4hd7qxh0z5,327.997900813435,2021-07-05 21:16:12.042601+00:00
sif1ayzdtg0t6jpmwrr8d5xh3cx3q9wdertw7pmrum,327.997900813435,2021-07-05 21:16:12.042601+00:00
sif1c0qje6rlmg70utxkwz64zrj0dy7j860snpdgqj,327.997900813435,2021-07-05 21:16:12.042601+00:00
sif1c0ylmupdxxavrj46vw03cm4fmk9f0rgk6jft7w,327.997900813435,2021-07-05 21:16:12.042601+00:00
sif1c8vpz2t3agk4dx5qtnh2p88s5c50j0p6vnqf8k,327.997900813435,2021-07-05 21:16:12.042601+00:00
sif1c8wvrs06d5uqzugzak3k8kfe5dnmnzdx6vaepx,327.997900813435,2021-07-05 21:16:12.042601+00:00
sif1cazd8eugkyd5hsd9xf9gpxx20t4767cjhp4vwu,327.997900813435,2021-07-05 21:16:12.042601+00:00
sif1ccyfgx4gekq00k6p9act3yfkd59x2svhrk433z,327.997900813435,2021-07-05 21:16:12.042601+00:00
sif1cez9puun40j3nq73676sjeljvk9uv8gvmxp4c5,327.997900813435,2021-07-05 21:16:12.042601+00:00
sif1cflzfqt77m9fr8ahxhc4ug5rtc5tppggy8lqkc,327.997900813435,2021-07-05 21:16:12.042601+00:00
sif1cpdjndm8fysxamje9rrzy8v866l3uanlf8nn3w,327.997900813435,2021-07-05 21:16:12.042601+00:00
sif1cpx8amqpypsgxtmcwstc6g6ty3lj6lk3w0w4hu,327.997900813435,2021-07-05 21:16:12.042601+00:00
sif1ctwh4reqj097ueshvgd0nskp952w9zlat3cwkw,327.997900813435,2021-07-05 21:16:12.042601+00:00
sif1cx0mkt8mvvcu3tldnqgnq7nkrdxnpd82hq4f3p,278.768956289028,2021-07-05 21:16:12.042601+00:00
sif1cx3xmwfk3kz8uhl7uqq5l2gfnj32a7ew7rm3y3,327.997900813435,2021-07-05 21:16:12.042601+00:00
sif1d2qcqps4ektt20q6ur02cg2gk7am6s99vxucx2,327.997900813435,2021-07-05 21:16:12.042601+00:00
sif1d386hyn9zy2tfy4petaz6k7djef3uu0ds0t3qx,327.997900813435,2021-07-05 21:16:12.042601+00:00
sif1d6v4kerzsqtyuv0gq7nvumtt6fmpw24jj9e48x,327.997900813435,2021-07-05 21:16:12.042601+00:00
sif1d7v7e506wjkxnlc9dx8v2eqpeum7lrh6cetuew,724.560682394591,2021-07-05 21:16:12.042601+00:00
sif1dlvfjnaperzzqgl8qr9sqlcvvelapmcsz99ewv,327.997900813435,2021-07-05 21:16:12.042601+00:00
sif1dn6lxygf45dwyamn46jy6t4m94humlhepwzecp,327.997900813435,2021-07-05 21:16:12.042601+00:00
sif1dxhx900rw839p6rm55gjx79xwlp7zdzdpu7n9j,327.997900813435,2021-07-05 21:16:12.042601+00:00
sif1dz54esyq7w7s35yslg50zgq3tjkxmxdxyhd3u9,327.997900813435,2021-07-05 21:16:12.042601+00:00
sif1e20v982eqmjdrqyqk0quf9m253r4e2aa3dtzdw,327.997900813435,2021-07-05 21:16:12.042601+00:00
sif1e59l0d89m9frvs82rzkcrzz9uw90tksc759v6z,327.997900813435,2021-07-05 21:16:12.042601+00:00
sif1ecetsl4um55q8unywexy5dc6uh4tt7zcun2m66,327.997900813435,2021-07-05 21:16:12.042601+00:00
sif1eh4murlpcwrpp20w5qagagv0wlj2vcw5202584,327.997900813435,2021-07-05 21:16:12.042601+00:00
sif1elah386fw4k82uvk3ehkr4n8qjclgvm028ts9x,327.997900813435,2021-07-05 21:16:12.042601+00:00
sif1emaf9zwyc8skvqft93caa5h2x6e7y02ug2cfjx,445.791726105563,2021-07-05 21:16:12.042601+00:00
sif1emvsefk7yfl35n0j0s70g6757n3v3g4rwgkahv,327.997900813435,2021-07-05 21:16:12.042601+00:00
sif1f09ejytvsynyhadxajmfe67djfk6le7q0hfw44,327.997900813435,2021-07-05 21:16:12.042601+00:00
sif1f0k8q6dcku8lfsd8k5s4q4l4m3wrt752qkp8wq,327.997900813435,2021-07-05 21:16:12.042601+00:00
sif1f2cxfhqq7hqr7cptf5wlaayzrl0vpkhek0evsk,278.768956289028,2021-07-05 21:16:12.042601+00:00
sif1f3rfpeelyzzdzy7t4aqzhaweyzeessp6ytpssx,278.768956289028,2021-07-05 21:16:12.042601+00:00
sif1f68vq2ag6djp3aerfgvcvtrulzyuqr07mthu03,327.997900813435,2021-07-05 21:16:12.042601+00:00
sif1f6fcs7auxp8uz4mwwgahcdu0hxcypefsctcdlz,327.997900813435,2021-07-05 21:16:12.042601+00:00
sif1f7fvk4ud62mhkd576gnvayru2yeqx7zyqdvh6a,327.997900813435,2021-07-05 21:16:12.042601+00:00
sif1f7yg6ptls0jfjlnwvccwelnaa07f4g4s30xwlw,327.997900813435,2021-07-05 21:16:12.042601+00:00
sif1f86dsks3wkyxnavywq20zzrplkva8pdnn5748x,327.997900813435,2021-07-05 21:16:12.042601+00:00
sif1fax4f4j49t3ekn0rz9znphfxgl725eqzhdw6nw,773.789626918998,2021-07-05 21:16:12.042601+00:00
sif1fjjhat9xqnppcx6qrtdvc5y6qf052xk3dmedfp,327.997900813435,2021-07-05 21:16:12.042601+00:00
sif1fjqfzw9xyapet2p2qua9t3cwns3h3x52nzwzv9,327.997900813435,2021-07-05 21:16:12.042601+00:00
sif1fkfal3we0twere3vpa7rmrclfz92r77uq5x040,278.768956289028,2021-07-05 21:16:12.042601+00:00
sif1fmj9qmuuzld6gqqz0dusfcxqnl8d9nzqmppsvr,327.997900813435,2021-07-05 21:16:12.042601+00:00
sif1ft8g0ht9x5gjmtjgs36frlvgp75pv2u8pkk85q,327.997900813435,2021-07-05 21:16:12.042601+00:00
sif1fu0es2z3wmwshz30mswr9z7c9589rejvt8t4yv,327.997900813435,2021-07-05 21:16:12.042601+00:00
sif1fu5hvcg0zmfnpdnnfat6jndqaqk0cp3r0ayfua,327.997900813435,2021-07-05 21:16:12.042601+00:00
sif1fy6zdzjyyyv5rm9rmx6j7gvt5v7llsuy0guyq6,445.791726105563,2021-07-05 21:16:12.042601+00:00
sif1g0lcugdq5f0w4altuwlmwlxdx906hue438qy45,327.997900813435,2021-07-05 21:16:12.042601+00:00
sif1g2c9yqgm5k4d6juzfg4tygkp3pqwsefs5ukfr7,327.997900813435,2021-07-05 21:16:12.042601+00:00
sif1gcypw0cnvv25d0jtchllpde4pq6l9rgnl5d3rp,327.997900813435,2021-07-05 21:16:12.042601+00:00
sif1gf0wx7pkuwvhha94nk5afsf09yz04yjjuue46f,327.997900813435,2021-07-05 21:16:12.042601+00:00
sif1gjgjsh74w5trmfaaauq4qt2mwvh8p7gs0vuuz4,327.997900813435,2021-07-05 21:16:12.042601+00:00
sif1gll7xcu8trj05erpn5mely4543g0n93f8j7vh7,327.997900813435,2021-07-05 21:16:12.042601+00:00
sif1gtlm3k626p9xvra0elfsa4y69y2s94w75ycx2q,327.997900813435,2021-07-05 21:16:12.042601+00:00
sif1gtqdjg2d6un2xpqcvwfqpm06dsmhryxz4lul2a,327.997900813435,2021-07-05 21:16:12.042601+00:00
sif1gvmzu4yeylex4c8f80lfxgtee6l6mz00688fc9,327.997900813435,2021-07-05 21:16:12.042601+00:00
sif1h25pc432t23htkemmpw3ucm09nepxtqha7fh5m,9748.465925985998,2021-07-05 21:16:12.042601+00:00
sif1h3jdn4qnxk89c3u7a0mhqakrsq99g4fjuype5t,278.768956289028,2021-07-05 21:16:12.042601+00:00
sif1h7wmdg2xewplk9drepjx68esg4su6xtuznvdlj,327.997900813435,2021-07-05 21:16:12.042601+00:00
sif1qaq8ncds8u5mxcxsxdfs2gde0t60xh04mvn9tx,327.997900813435,2021-07-05 21:16:12.042601+00:00
sif1qchdgnqzgqj7y4cyxcd3j2qf65ejlfxnuuqv3v,327.997900813435,2021-07-05 21:16:12.042601+00:00
sif1qf7v7wun0gjyefccjt3r6qfzxyc5k47hw3svvg,327.997900813435,2021-07-05 21:16:12.042601+00:00
sif1qga3h7tzu84cvzelgxed946qkcz0f9h0s54l6e,327.997900813435,2021-07-05 21:16:12.042601+00:00
sif1qgh82aekd0s7wpwaua2jkaamqrykhfcxha6yes,278.768956289028,2021-07-05 21:16:12.042601+00:00
sif1qgtf76kpr2ledmrlktgqs2x22ep8jq27c6raxy,327.997900813435,2021-07-05 21:16:12.042601+00:00
sif1qh6rcuvc33zps4694zfmypgpklzt4d0fm3k7ff,327.997900813435,2021-07-05 21:16:12.042601+00:00
sif1qhq32zsymasavq7rl9lxc2f69pely8g8euym0e,327.997900813435,2021-07-05 21:16:12.042601+00:00
sif1ql4r6etfw8x8e4qfjmjjn8hcc0ssd79pw3ws9w,327.997900813435,2021-07-05 21:16:12.042601+00:00
sif1qldreppvcvkrtxez8ee8jx2nn2ddrdg39pydzz,724.560682394591,2021-07-05 21:16:12.042601+00:00
sif1qmsfyvk9a90a0hm7kushuhv50gpy2sqrltfll8,278.768956289028,2021-07-05 21:16:12.042601+00:00
sif1qmx8endwc2adhek3sljrnpwjfzhqngtclketff,327.997900813435,2021-07-05 21:16:12.042601+00:00
sif1qrk4ll506zwgl5c0sx9xcdch2pl0k9un5gtqze,327.997900813435,2021-07-05 21:16:12.042601+00:00
sif1qwl774y6094wx8hnr9dspwskzylvj6c79xrvlv,327.997900813435,2021-07-05 21:16:12.042601+00:00
sif1qxajmcju7za2amvfc96ee85r5dp6neluvf5td7,724.560682394591,2021-07-05 21:16:12.042601+00:00
sif1r3p7y3xff4rd22ft25jd86jga85e9zgqrjcl3r,278.768956289028,2021-07-05 21:16:12.042601+00:00
sif1r42ekhk2p4g97ugfs027pmzmlzgktexlrgm9le,327.997900813435,2021-07-05 21:16:12.042601+00:00
sif1r7zdq37rtdsc64ud88nl0j8uc7ku8kjgy7sfv9,327.997900813435,2021-07-05 21:16:12.042601+00:00
sif1r8lyryql4m9g9yrtqf8ma4j9nyfux6cup62fke,724.560682394591,2021-07-05 21:16:12.042601+00:00
sif1rg2sj265t5mhemn9r2v0c28qrcm4k44d3l2lrp,327.997900813435,2021-07-05 21:16:12.042601+00:00
sif1rhfmnzwd4hsmxy843gzzhzrvahwx5hlq8ytz3w,327.997900813435,2021-07-05 21:16:12.042601+00:00
sif1rnlrnqy836lwu5sp2ry5rvyme0anuec9h9xe0w,327.997900813435,2021-07-05 21:16:12.042601+00:00
sif1rnzt8hrkwqjw2ffpsv0m8nhlwme8qvhqnwv3mw,327.997900813435,2021-07-05 21:16:12.042601+00:00
sif1rulway2jq7y5yfjx9dh0rfy2yg6ryka0wwg35s,327.997900813435,2021-07-05 21:16:12.042601+00:00
sif1ruvglea97ljq9r8are6se3rxncuhyuajq3jquf,327.997900813435,2021-07-05 21:16:12.042601+00:00
sif1rxxe2ev7e6yjxa92guv2q0gv7wn5x9sjr7e9c8,327.997900813435,2021-07-05 21:16:12.042601+00:00
sif1ry5ae7y3e8dwnyfx5s94uswrul45jeqsanjdhm,773.789626918998,2021-07-05 21:16:12.042601+00:00
sif1rzznjt4zphk29ua9mewr0j72jvug79gkwqeley,327.997900813435,2021-07-05 21:16:12.042601+00:00
sif1s3hrznsgfd02t6t4qta9f29ufujfuz46vnr6r7,327.997900813435,2021-07-05 21:16:12.042601+00:00
sif1s4qzd82t0q78n2qlf7kzhawd673ju96pasjsmq,327.997900813435,2021-07-05 21:16:12.042601+00:00
sif1s4vqv34dfcvczs60f86s6dm2lugussmr2zhmzz,445.791726105563,2021-07-05 21:16:12.042601+00:00
sif1s585fcykfzvru63cwtqvm2mjzh8dvh9rqq9dcj,327.997900813435,2021-07-05 21:16:12.042601+00:00
sif1s5x0repxuyljsyq800k4768qzyrl0c3wn27tvm,327.997900813435,2021-07-05 21:16:12.042601+00:00
sif1s6l4flsd2ejgsgp8grzl5cwdk5mhrvf0kt9gmv,327.997900813435,2021-07-05 21:16:12.042601+00:00
sif1s8lakjagnc0etph2qxn9k4c6d6dyvyejt83dzq,327.997900813435,2021-07-05 21:16:12.042601+00:00
sif1scj3w8ea5r72dv2ynm5qs9lc2h6ck9g9h6xytl,327.997900813435,2021-07-05 21:16:12.042601+00:00
sif1se8j4rjszx4pzjx0p5c5ap90f6cy40hlats2ke,327.997900813435,2021-07-05 21:16:12.042601+00:00
sif1shacrh2v7auf4dup3q6lhysdunev5f5wph308z,327.997900813435,2021-07-05 21:16:12.042601+00:00
sif1shcyrael7zxc78ffnmd9rgdltyd0r40qrxcu8g,327.997900813435,2021-07-05 21:16:12.042601+00:00
sif1shte2rf9mq6e434rtcmd4p5qu6snpaukn7rhdw,327.997900813435,2021-07-05 21:16:12.042601+00:00
sif1sjgna57c35sun8pk35ycsptpz90p7fpmz2n4le,445.791726105563,2021-07-05 21:16:12.042601+00:00
sif1ssfk7cf4eajk93r22fm5r2ucx6zcz3xzvp3c7v,327.997900813435,2021-07-05 21:16:12.042601+00:00
sif1ssu6sj5kt5t3d8hsaltxeuhrhcs83kht50awex,327.997900813435,2021-07-05 21:16:12.042601+00:00
sif1sudts8tv3006cmljkfehfjd0kp5xuh9grdxgk7,278.768956289028,2021-07-05 21:16:12.042601+00:00
sif1sv8dzsd42c0vwhzyptfygvtwnk542uedxdxd8m,327.997900813435,2021-07-05 21:16:12.042601+00:00
sif1t3k4v3a50wdq0gtjrjlg6j3x2mr3rfmjvsr05j,327.997900813435,2021-07-05 21:16:12.042601+00:00
sif1hap72nsqck9drc97j6u8pqjqdg73p5a7lygu8n,327.997900813435,2021-07-05 21:16:12.042601+00:00
sif1hcjhe3ygjenz0d9cz55tz3czk34hdrtsy92k4g,327.997900813435,2021-07-05 21:16:12.042601+00:00
sif1hjdt4ly8euvelyru7arvk3ymmq83pfezx3ep73,327.997900813435,2021-07-05 21:16:12.042601+00:00
sif1hk5efzmrq7jjnxmqj0k76unls9tngj2z78rw06,327.997900813435,2021-07-05 21:16:12.042601+00:00
sif1hl9s2r4r04zx9mm0d2ju65qmhvw4yc2v6f6yns,327.997900813435,2021-07-05 21:16:12.042601+00:00
sif1hmuwjayt9h8rf374r5z8y8gugl87r08aj8mzt4,327.997900813435,2021-07-05 21:16:12.042601+00:00
sif1hnpyfr508cse89dq9q9nr8wj942envac92q904,445.791726105563,2021-07-05 21:16:12.042601+00:00
sif1hr3xpw0dr73chev06q0jp0ru7uq46lxpt2ax52,327.997900813435,2021-07-05 21:16:12.042601+00:00
sif1hr8qwpa5dncksg5xzf2s6sw3qfuzd9u5qkyq2j,327.997900813435,2021-07-05 21:16:12.042601+00:00
sif1hterq22gczt2855883vuf6w4spq605cfyzzk3s,445.791726105563,2021-07-05 21:16:12.042601+00:00
sif1hz5lvdy4svekpq7w9xjfqgp2d962apjwe3pzhg,327.997900813435,2021-07-05 21:16:12.042601+00:00
sif1j0kvx28srmq85p2ypu73awtfmfum2l7atqq2h6,327.997900813435,2021-07-05 21:16:12.042601+00:00
sif1j2lh572n3vch9l44ytz8f580n8l54fazr26vp5,327.997900813435,2021-07-05 21:16:12.042601+00:00
sif1j67g6n398tn3eqt0fmkpsvlwewsv6j3hkvt29l,327.997900813435,2021-07-05 21:16:12.042601+00:00
sif1j6ysyfakmhdkxjtc0m8pkn6f8mkxq3cmhdrkjk,327.997900813435,2021-07-05 21:16:12.042601+00:00
sif1j7a9qndxx9atklsnpdge27m0am2ecq3tn8rwrc,327.997900813435,2021-07-05 21:16:12.042601+00:00
sif1j9e8vlyl4g47rrc4klk90788fff95mc40g8vlr,327.997900813435,2021-07-05 21:16:12.042601+00:00
sif1jgjfexv68q05zmxh6rprxr3as5f3da2axct6pa,327.997900813435,2021-07-05 21:16:12.042601+00:00
sif1jgn03rdguv2xvudzcqdgke8dwww9mm2v55jngw,327.997900813435,2021-07-05 21:16:12.042601+00:00
sif1jpsve6ch4eln8xkn0aah9x7gngf3dengkwyujk,327.997900813435,2021-07-05 21:16:12.042601+00:00
sif1jt7revqtdegpveezewer7qdwse68r9py4m7tmf,327.997900813435,2021-07-05 21:16:12.042601+00:00
sif1jwc64rr4nj2hvfjqej8ewm5nnatsy7z2nxu6xg,445.791726105563,2021-07-05 21:16:12.042601+00:00
sif1jxa4p2sxq7cvj2efr98g2nv0qrnff6lstu8n2u,327.997900813435,2021-07-05 21:16:12.042601+00:00
sif1jxrq3q5h5whwph4u8az8nkyu0rpkhe40h636w4,327.997900813435,2021-07-05 21:16:12.042601+00:00
sif1jz83ntdac439wv0u8lstu0nd3fjmfv5akndrr6,327.997900813435,2021-07-05 21:16:12.042601+00:00
sif1jzdxkm6dkgsctmlj3gj7ql5pt4fnupgusqqktj,327.997900813435,2021-07-05 21:16:12.042601+00:00
sif1k40w2wsj2clfxruyqtztszxeauappuy9rl6v49,327.997900813435,2021-07-05 21:16:12.042601+00:00
sif1k4p8n7n4xwfx6e3e8shsemw7f5fgj5m829tv0q,327.997900813435,2021-07-05 21:16:12.042601+00:00
sif1kah2u68q8ttqwfzwf5jmny4m2vlkq30h539pqc,327.997900813435,2021-07-05 21:16:12.042601+00:00
sif1kd5mlhayqqx5q77t2nhs6a6h6xe0d3wjhmsu2y,278.768956289028,2021-07-05 21:16:12.042601+00:00
sif1khk86c7ljkf0lvp09u88xg7m4592kx6z0rzv8d,327.997900813435,2021-07-05 21:16:12.042601+00:00
sif1kjy3jp3huh48p4etcrzsayg8l32jeh270uafr7,327.997900813435,2021-07-05 21:16:12.042601+00:00
sif1kpxpf0zfp3wg0ulgpfgmvw4jpd5a2r5a5du5xl,327.997900813435,2021-07-05 21:16:12.042601+00:00
sif1kql355avfld9vjnu0wqnn05smtsxdxzpmsweag,327.997900813435,2021-07-05 21:16:12.042601+00:00
sif1kvpsac8d534uyhdwufqvv20m8uelzxul8wcm0p,327.997900813435,2021-07-05 21:16:12.042601+00:00
sif1kxx4h0zx3d5cm0tdsvu57kjqmdryxgqv7gpzmj,327.997900813435,2021-07-05 21:16:12.042601+00:00
sif1kyn0jlq77whntmsk95r6sg65jmuk3t2xpulxe4,327.997900813435,2021-07-05 21:16:12.042601+00:00
sif1kza5zlwajgqlrt8xfd95y4ks3p4yjsl2mpsthu,278.768956289028,2021-07-05 21:16:12.042601+00:00
sif1kzt45rzf22lat92yf43y4gnktna2k4sekkl7vm,327.997900813435,2021-07-05 21:16:12.042601+00:00
sif1l0vu08fnae2gh9pwa8s8h2aj5arezdk6auxg4a,327.997900813435,2021-07-05 21:16:12.042601+00:00
sif1l4ma7x86e83k0pyrn7ev5hs7geteuugxeuad8c,327.997900813435,2021-07-05 21:16:12.042601+00:00
sif1l5k4f2vsz8p03t34f406ekjxlh66wxr9e2hjmy,327.997900813435,2021-07-05 21:16:12.042601+00:00
sif1l6lpm56ad8sphezet40gswm07w0zrn5mvfj67g,724.560682394591,2021-07-05 21:16:12.042601+00:00
sif1lg92ys6f4xw94z2mel92dpj7at2m607jysyctp,327.997900813435,2021-07-05 21:16:12.042601+00:00
sif1lgtew9spzxfg2qxu4cdkczkkxdnuudc6c7gdm2,278.768956289028,2021-07-05 21:16:12.042601+00:00
sif1ljhqrq4uhl8clzdquupj7pqu4wp92arrs20nwe,445.791726105563,2021-07-05 21:16:12.042601+00:00
sif1lkdk7hj6j200v4rqeycyelpj9hz70p8r2gvxfn,327.997900813435,2021-07-05 21:16:12.042601+00:00
sif1ll8rnefxrmywsfmw3z4zuqmcwtgnpluh6dr7fs,327.997900813435,2021-07-05 21:16:12.042601+00:00
sif1lpygsj0j2ahyshx5fm5ucy4dmw94lraftcxtl2,327.997900813435,2021-07-05 21:16:12.042601+00:00
sif1lqgxn99trqltnlcp8ys5qstt6au87a4rh9myh9,327.997900813435,2021-07-05 21:16:12.042601+00:00
sif1ls0r538c3wgth6wnwvr3mqjvmt8vf0cqhfgyve,278.768956289028,2021-07-05 21:16:12.042601+00:00
sif1lsq0ztxemc9tqujta32txfrrdmmmutfgtkaasp,327.997900813435,2021-07-05 21:16:12.042601+00:00
sif1lsw7qjjurzszeqrcqhwwkvn3qvpglph7hus9c4,327.997900813435,2021-07-05 21:16:12.042601+00:00
sif1lt87kwy55wz8g5zrc3gsplxgnmn449fakau5ah,327.997900813435,2021-07-05 21:16:12.042601+00:00
sif1lwjzrlc7gs2shl8lgkfr9svmuqfvr30ceug5rr,327.997900813435,2021-07-05 21:16:12.042601+00:00
sif1lz4dx783kp834nuks92mv8vngzpathpklj3szs,327.997900813435,2021-07-05 21:16:12.042601+00:00
sif1lzsvvx4mzk99fx70wf7rpyretfarmx85dwx2dg,278.768956289028,2021-07-05 21:16:12.042601+00:00
sif1m0spqj6px4z2fekz4p8zlthakqz8g785mp3384,278.768956289028,2021-07-05 21:16:12.042601+00:00
sif1m0xg80fan5wp7vx7ajejtczc7t5qj7yta3w2v8,445.791726105563,2021-07-05 21:16:12.042601+00:00
sif1m46pgypdhfwe6vr4pkf8wfr72xjk92tyj89gxj,327.997900813435,2021-07-05 21:16:12.042601+00:00
sif1m4qf4ddrf0nc6cfxypje3qzy9ez8zpcx7fgdkz,327.997900813435,2021-07-05 21:16:12.042601+00:00
sif1m8yqfmh5hzz8m3dr8uuqghquacl8sjjrrxy4cv,606.766857102463,2021-07-05 21:16:12.042601+00:00
sif1malgpuj3482uwh26uyyl20rq5wq95a29vsgqku,327.997900813435,2021-07-05 21:16:12.042601+00:00
sif1mgqsdz0e7zvpp4gzlm994n9234n3saw0fakv4s,327.997900813435,2021-07-05 21:16:12.042601+00:00
sif1mgqy2p7e32wjhrt95gtjx4497xydsxecxl8c54,606.766857102463,2021-07-05 21:16:12.042601+00:00
sif1mhg6cv592vhrgwhjxtfaq26djgpzyfrzwwhd8q,327.997900813435,2021-07-05 21:16:12.042601+00:00
sif1mm6qgzwrudelx33qs33zrkyrh3vwwst4zu65au,327.997900813435,2021-07-05 21:16:12.042601+00:00
sif1mnjhjrfu6040arsxwftzw046tv93zs69wkshul,327.997900813435,2021-07-05 21:16:12.042601+00:00
sif1mnq7r7x228kle2up8489qgswusqpzxjj57v0ls,327.997900813435,2021-07-05 21:16:12.042601+00:00
sif1mphr664xm6leum49rge6973mkrtsaar6265zgg,327.997900813435,2021-07-05 21:16:12.042601+00:00
sif1mpr6mau3txkjqlpwxw9adjwkz728ntj6u4dzrt,327.997900813435,2021-07-05 21:16:12.042601+00:00
sif1mxkffcnt2z7nryh3m7rvuvhm6yyea3mkeepvh7,327.997900813435,2021-07-05 21:16:12.042601+00:00
sif1mxnmkx4j8af5h6lhewwah8243sg0tfmsmusr26,327.997900813435,2021-07-05 21:16:12.042601+00:00
sif1mxrvnjtnn4jjalke9g5cjjgyct4a5s8rasx3uu,327.997900813435,2021-07-05 21:16:12.042601+00:00
sif1mzfu6j82q8t49f9s4zjmv2sptcv2wlrn09q0vv,327.997900813435,2021-07-05 21:16:12.042601+00:00
sif1n4amgdp67dl9tsk5msdm6r65knrmw62n9mgycm,327.997900813435,2021-07-05 21:16:12.042601+00:00
sif1n4eec8t6mj3j70yx8yt7tfqxjp82w769q0mm6f,327.997900813435,2021-07-05 21:16:12.042601+00:00
sif1n4lsf38y3q2tt80pueax9tt58hajzylz7tns70,327.997900813435,2021-07-05 21:16:12.042601+00:00
sif1n84xgnl2jxnnj6nvc6s7dlsgqstlny98rdnjdn,327.997900813435,2021-07-05 21:16:12.042601+00:00
sif1n90kdjauzpq6nchlklpq445dednjsq6apahtly,278.768956289028,2021-07-05 21:16:12.042601+00:00
sif1n9e2wf3f6k0xm0w7sxczy2vjfvrzg03v0klwhq,327.997900813435,2021-07-05 21:16:12.042601+00:00
sif1nahafs3yk7h0ppd9ngcmusz3mm79m0tdq3vthj,327.997900813435,2021-07-05 21:16:12.042601+00:00
sif1ncdr0qq2dt42fkez4qumkhyhhuvf4cfhv4757x,327.997900813435,2021-07-05 21:16:12.042601+00:00
sif1ndlk9hnzv8kjxwwd279fcgruqvunuxamgxav3y,327.997900813435,2021-07-05 21:16:12.042601+00:00
sif1nn2fc2vz9zg2hvhhvxtdgerkzgp6qqaccw5hfm,327.997900813435,2021-07-05 21:16:12.042601+00:00
sif1nn5fwthfw2gdhvvyk3zynk0gjda8hsf5zrsqv7,327.997900813435,2021-07-05 21:16:12.042601+00:00
sif1nn6n4n5jcmklye58j60v5wxmq7tvzqcdfc3gle,327.997900813435,2021-07-05 21:16:12.042601+00:00
sif1nqyz79kzgtjpz9jqytcnjgm8p2u8s6ffda6ndn,278.768956289028,2021-07-05 21:16:12.042601+00:00
sif1ntv2czmavryydd58zpx5nvvy63euegam7enp7t,327.997900813435,2021-07-05 21:16:12.042601+00:00
sif1nu2guyptt22a0w6rj7467c9xwf8aza0ansnp37,327.997900813435,2021-07-05 21:16:12.042601+00:00
sif1p03h4rh6ld83g5qj076ze3uft2wzv7ugmrvzxv,773.789626918998,2021-07-05 21:16:12.042601+00:00
sif1p0fdkswuz2r2cs6ayr86s0w29vm0zecgeqlr2e,445.791726105563,2021-07-05 21:16:12.042601+00:00
sif1p2da7jac0se3lwf4rf6uxf059ta4lk0x5as58u,278.768956289028,2021-07-05 21:16:12.042601+00:00
sif1p784rlcu56rs9x647vaee0df66wnpcvasdq7dt,327.997900813435,2021-07-05 21:16:12.042601+00:00
sif1p85auk2dfvznjyfe22yyshuhm8m6hplwvjgvx7,327.997900813435,2021-07-05 21:16:12.042601+00:00
sif1p9aqds2nrnes5d4kf3xrvmq8twtf4qn43u7vpw,278.768956289028,2021-07-05 21:16:12.042601+00:00
sif1pcnlppy4hvf049a3lfwtt9h46ezcgf6duwg6w2,327.997900813435,2021-07-05 21:16:12.042601+00:00
sif1pferjspc8g2cga4aavfpxqyq7t4ah5peyx07uk,327.997900813435,2021-07-05 21:16:12.042601+00:00
sif1pffcgdl6ssfr8tjwe7ys8yfhdzsp4dcpm6x6nr,327.997900813435,2021-07-05 21:16:12.042601+00:00
sif1ph57rgxg8wpr2lfmcngrr6l590az6en304cxmn,327.997900813435,2021-07-05 21:16:12.042601+00:00
sif1prllgryr4a4hjgmcf8dgdrzr94kw5kf64cdzqr,327.997900813435,2021-07-05 21:16:12.042601+00:00
sif1ps6wsaj7gsfgdwxmxrc22l5amu2wpe3dp8h6zg,327.997900813435,2021-07-05 21:16:12.042601+00:00
sif1ptpkax67gshnzc5y9vwyw0ep48wczsxd3vfc0f,327.997900813435,2021-07-05 21:16:12.042601+00:00
sif1pvlur4ce70ndjv9waad4e862edtkdja8x93s6m,327.997900813435,2021-07-05 21:16:12.042601+00:00
sif1pvnrcjj932u5ug8n5hchlr5ltjlk294xujggav,327.997900813435,2021-07-05 21:16:12.042601+00:00
sif1py89ek8f8kr0rqekf6zwqtg0ww4h6ldq4rlm8k,327.997900813435,2021-07-05 21:16:12.042601+00:00
sif1pz62ps5w89sh8aupfdywl35arvdtmw48mf75cv,327.997900813435,2021-07-05 21:16:12.042601+00:00
sif1q0auucfnsv6zraqyed0ndr2hqacaajqwwzwwvr,327.997900813435,2021-07-05 21:16:12.042601+00:00
sif1q0ll37m470jgstzgsvyet6c0ane607p8usszse,327.997900813435,2021-07-05 21:16:12.042601+00:00
sif1q44dda3fd6lnsrs7z58cgluphf45hdvvztu2nt,724.560682394591,2021-07-05 21:16:12.042601+00:00
sif1q4c8dx60j2s25m6xz7tw295e2kg267wamvc06q,327.997900813435,2021-07-05 21:16:12.042601+00:00
sif1t66c3ku03t9lfcjptv4s6rk779d2gl8qzvtnv3,327.997900813435,2021-07-05 21:16:12.042601+00:00
sif1t6seg2m2harlx95dzx4rmx04p7dkup33dxa6qa,445.791726105563,2021-07-05 21:16:12.042601+00:00
sif1tasrdx34as3wzszjpvlpp289akmkl4yl8r605k,724.560682394591,2021-07-05 21:16:12.042601+00:00
sif1tdxvskxqy0t5ld9ec7htzx5g7uqehsfd4j4hv2,445.791726105563,2021-07-05 21:16:12.042601+00:00
sif1the3q9s2eltpxhqer9xxpp7futfyrzcxar99u4,327.997900813435,2021-07-05 21:16:12.042601+00:00
sif1tks6g2zg9sxvdha28frhm7gjkawq8afe3h7l40,773.789626918998,2021-07-05 21:16:12.042601+00:00
sif1tmujnzx07c5nvldxsz8ye7mya8878rx607mr4e,327.997900813435,2021-07-05 21:16:12.042601+00:00
sif1tpnk35dmxn3usaxv4w3snekxkdwr23xtqljpfu,327.997900813435,2021-07-05 21:16:12.042601+00:00
sif1tq0ftfs4akmtxmegsp8egyh89y55rlywzsqcal,724.560682394591,2021-07-05 21:16:12.042601+00:00
sif1tratj6pq6wvssmgla6u3scuqewf34dx3x5t9y4,445.791726105563,2021-07-05 21:16:12.042601+00:00
sif1tswycvy9e5rvltmwg9z2fe8zmfueh7djrk5jrp,327.997900813435,2021-07-05 21:16:12.042601+00:00
sif1tuu94ej9r4gdyt6j2vnl3trsx348pyk4klzmhc,327.997900813435,2021-07-05 21:16:12.042601+00:00
sif1twa9ltpqvvtjl7933qp8484qf7y0fu72u6cxur,327.997900813435,2021-07-05 21:16:12.042601+00:00
sif1tx4d8sucxdh0qs3hl5tctkcryhv5ak2g3cfk5y,327.997900813435,2021-07-05 21:16:12.042601+00:00
sif1u2lun32ev56ce7dg4t3947dhavnkuwle0smdtd,278.768956289028,2021-07-05 21:16:12.042601+00:00
sif1uc9h82zjryggp3lpk7lf0jtl3sh733pk73tll5,278.768956289028,2021-07-05 21:16:12.042601+00:00
sif1ueml925eag2cdt6hptkd03a56jce2a7r3hdye2,327.997900813435,2021-07-05 21:16:12.042601+00:00
sif1ugf6kss4c6e5heeg4cqanf7a7n0c5xcrrm5aea,327.997900813435,2021-07-05 21:16:12.042601+00:00
sif1ugm2hr52l3d9lsrw4lep34fr84uw63sddg8n8z,327.997900813435,2021-07-05 21:16:12.042601+00:00
sif1uhwg4aw76mw9kmajks7767f7ya3pwfa5pkx3ue,327.997900813435,2021-07-05 21:16:12.042601+00:00
sif1uk6gyhwdeu2txtmejapskmw4wpfz7chq9uzmpk,327.997900813435,2021-07-05 21:16:12.042601+00:00
sif1umrausd2whr2nm05kmujr2xmfu3r3jxr803awh,327.997900813435,2021-07-05 21:16:12.042601+00:00
sif1urp09kl9fkuh2fn875jehzm96z43r3xalqqru4,327.997900813435,2021-07-05 21:16:12.042601+00:00
sif1utznzl92l0slfhs4xqurqnxd8zkq9mz49m65t0,724.560682394591,2021-07-05 21:16:12.042601+00:00
sif1uy6h7kdmvct4qd4kn5ssnly20ygj85y3ul73pf,327.997900813435,2021-07-05 21:16:12.042601+00:00
sif1v2ym30zwpwwst65amwkw6z6sgjl9ruwxpf4cq5,327.997900813435,2021-07-05 21:16:12.042601+00:00
sif1v3q47c7pqjnzkc6edj8dvlyju9mqtf4k43xg5k,327.997900813435,2021-07-05 21:16:12.042601+00:00
sif1v890n99g2uxukc6cy7nvgslfcngxwj44mz07gq,327.997900813435,2021-07-05 21:16:12.042601+00:00
sif1v8km3twa5jf26ands98pr9dx7kj2k54ygywjh2,327.997900813435,2021-07-05 21:16:12.042601+00:00
sif1vak308rfyy2vdpa94h7t8jf3u6uet6x3c3zeq0,327.997900813435,2021-07-05 21:16:12.042601+00:00
sif1vdg4sdle4sg5fjc7sulpwry35s0384ljpstt5t,773.789626918998,2021-07-05 21:16:12.042601+00:00
sif1vf9m595jzv3r4zzadftwngkx04zmjw5satlhwf,327.997900813435,2021-07-05 21:16:12.042601+00:00
sif1vmkyf0ajd0lczvhdnuzyf57utaacskgywm8wzn,445.791726105563,2021-07-05 21:16:12.042601+00:00
sif1vnptm0nqm384z7ylf6zlqahah9rhtgxxzm9hpk,278.768956289028,2021-07-05 21:16:12.042601+00:00
sif1vs4yd00egnuv8e2g6pl75uq9wuw4h8arpl74jt,327.997900813435,2021-07-05 21:16:12.042601+00:00
sif1vwja8a0usksrm2dkp8kurc9nktnyam87tclls5,327.997900813435,2021-07-05 21:16:12.042601+00:00
sif1vxffymf29n8l7lmx35uzwr3t4ymglhlv4etqxh,724.560682394591,2021-07-05 21:16:12.042601+00:00
sif1vxzjmlyc3egc6apycjdm9lv0t4d30mx6w9np5d,327.997900813435,2021-07-05 21:16:12.042601+00:00
sif1w7drlpa72thl8akcug7tr05qenazp50mpkn708,724.560682394591,2021-07-05 21:16:12.042601+00:00
sif1wc2l02tv2z32kal6hmn6gw609hhzl38azk9pfq,327.997900813435,2021-07-05 21:16:12.042601+00:00
sif1wd5pl3lg2ekadr7wn9jj2v8pam4pl4mw4867h3,327.997900813435,2021-07-05 21:16:12.042601+00:00
sif1wfeha4yn6y7empzcj7wxva95nrc76sy5205qpv,327.997900813435,2021-07-05 21:16:12.042601+00:00
sif1wfp6fw3vnmtukvl420wgxy7zp02xa4gv2909mr,327.997900813435,2021-07-05 21:16:12.042601+00:00
sif1wgkyh26klukjs67lychymwkmgye0c6yrzvlwaa,327.997900813435,2021-07-05 21:16:12.042601+00:00
sif1wkvskrrr6fc4pyuhq2d9vcxgm8x4jkakalg2zr,327.997900813435,2021-07-05 21:16:12.042601+00:00
sif1wmp07z3wyzz4a4mj28y7m8f032pqy58rutuxpd,327.997900813435,2021-07-05 21:16:12.042601+00:00
sif1wnqelgg6x3wgue6hchp8qmwccgqtnhh3830m9j,327.997900813435,2021-07-05 21:16:12.042601+00:00
sif1wppcwp05u4utsjn47s95lgs295t6l8kx3p427a,327.997900813435,2021-07-05 21:16:12.042601+00:00
sif1wqg5sgcq2dfve2juwkycp6a698ahl47f58mvc2,327.997900813435,2021-07-05 21:16:12.042601+00:00
sif1wrfyqz5azt66s80j76yhe530fa5csv8m2t9j5c,327.997900813435,2021-07-05 21:16:12.042601+00:00
sif1wye7e75uyny7a48u20rhxn3dhl28mh8zjjxl6h,327.997900813435,2021-07-05 21:16:12.042601+00:00
sif1wzv2efpsumrsgadlgz67evx5fn7pt6kd26y3ch,724.560682394591,2021-07-05 21:16:12.042601+00:00
sif1x3gyu7n2rk4r3w6tnc8vtvxa8vfv8hzret2at0,327.997900813435,2021-07-05 21:16:12.042601+00:00
sif1x5q9ugv08zv8qqth7umghhe5cc5swkkxkuwep8,773.789626918998,2021-07-05 21:16:12.042601+00:00
sif1x6ejk3q6lapn3yl9a7v5g9z0pde2xz6wqrty4x,327.997900813435,2021-07-05 21:16:12.042601+00:00
sif1x6yw5fpaqs0dkvq2r7p4k9s97d7ddhqhfqdw2u,327.997900813435,2021-07-05 21:16:12.042601+00:00
sif1xg85ddwps8286afdk8xhx63j6rzxgzzra7e2rj,327.997900813435,2021-07-05 21:16:12.042601+00:00
sif1xjmwl5qpv0wjl9j2favtv6wc34zn9ccappgqqe,724.560682394591,2021-07-05 21:16:12.042601+00:00
sif1xphc8cphzql9yg9v32wjpef3vxk7efrp7glk4y,327.997900813435,2021-07-05 21:16:12.042601+00:00
sif1xq767fh48hwqqfll8743jegrjxfj00t7zc7r9x,327.997900813435,2021-07-05 21:16:12.042601+00:00
sif1xs0ax0vj5ud02wyzep9tayxntgm9fd3xnazstn,327.997900813435,2021-07-05 21:16:12.042601+00:00
sif1xsec5nlmq24h4gu9xlq66fz982xncwm85kkz8k,327.997900813435,2021-07-05 21:16:12.042601+00:00
sif1xwg24p9sx9x783uawy4sxs3f358mmnxnvz5ukd,327.997900813435,2021-07-05 21:16:12.042601+00:00
sif1xx5cxk69ry73r2v4xax3g4evf4x47ta39fw5ul,327.997900813435,2021-07-05 21:16:12.042601+00:00
sif1xx6ars6qlkh08nnvfmnaguestk3fc8gap63xkc,327.997900813435,2021-07-05 21:16:12.042601+00:00
sif1xydg9wrvft9ynuky4k02hsvxc4jafv4e4t20e2,327.997900813435,2021-07-05 21:16:12.042601+00:00
sif1y07rkdwttkmv2a3zwr30fjzvwap2cthtyhntfs,327.997900813435,2021-07-05 21:16:12.042601+00:00
sif1y5z73n8kr895xsa27vmp2le62z53n7hmqq3t6d,327.997900813435,2021-07-05 21:16:12.042601+00:00
sif1y6a7ds57wkxtvpxgrhgp8hgwzfcu3mm9elm5lx,327.997900813435,2021-07-05 21:16:12.042601+00:00
sif1y6jvpxge0a8y8qf0229vgx0qlggkv73gz9tfas,327.997900813435,2021-07-05 21:16:12.042601+00:00
sif1y9tj267f7jhcmdu7zstyawmwtzzgh4lpyjlhp3,327.997900813435,2021-07-05 21:16:12.042601+00:00
sif1y9whjwqg2nglc52za2jqzpr6p8n5a2nqduz3jc,327.997900813435,2021-07-05 21:16:12.042601+00:00
sif1yd78nc0r9etas8j3wlp0p6jx8ua635z2jhcjmc,327.997900813435,2021-07-05 21:16:12.042601+00:00
sif1yd9kxp8st22cjn43ja9sjmwelnd495tw3j0kdc,724.560682394591,2021-07-05 21:16:12.042601+00:00
sif1yecdrznlczknh34vpxtukfxxcpxcfvzrz6f8wy,445.791726105563,2021-07-05 21:16:12.042601+00:00
sif1yhs82rfzjmgpfwzhuzd605pw8xxa6sdkltrum2,445.791726105563,2021-07-05 21:16:12.042601+00:00
sif1yldxrx7960kx3x3qxtgvth3j428rqe0qv474gm,327.997900813435,2021-07-05 21:16:12.042601+00:00
sif1ymuyfrfg60xuunggy7ws7d39mhxseexufdykx0,327.997900813435,2021-07-05 21:16:12.042601+00:00
sif1ynugnqtk94fmm7zlxukzmfr2drz768aed5thnp,327.997900813435,2021-07-05 21:16:12.042601+00:00
sif1yr864ne90p6ftw59s88768kxu6z5u2ucd9ru9v,327.997900813435,2021-07-05 21:16:12.042601+00:00
sif1yt8hwhyy9ddtyxvz8ek9qqyum6y6jn5xd979fz,327.997900813435,2021-07-05 21:16:12.042601+00:00
sif1z0xq6hgyng45xayf4pd42zsfjterak4yvzqeut,278.768956289028,2021-07-05 21:16:12.042601+00:00
sif1z3735juy8l8kgs0vc0vk7u62c808s37pwwqlu5,327.997900813435,2021-07-05 21:16:12.042601+00:00
sif1z5fl7ruwgrv0qx84kcgfrjyhhnxmjwqz8mz6ps,327.997900813435,2021-07-05 21:16:12.042601+00:00
sif1za9x79c0qv0ueevhh3wxzm0zqn9v2ad6zqp8ym,724.560682394591,2021-07-05 21:16:12.042601+00:00
sif1zaj7tnv23eqdez2ppcqpwg4nun0daf5fu0fr4y,445.791726105563,2021-07-05 21:16:12.042601+00:00
sif1zcxx5z4agljruqmv4st6gu5yg2kxz7es2c386s,327.997900813435,2021-07-05 21:16:12.042601+00:00
sif1zd92038v449c9wzzwy434nnqdx0xw746hwzc0h,327.997900813435,2021-07-05 21:16:12.042601+00:00
sif1zfqz77fxcctd7z8fa8qjqgn9ckh9tss5yd8xw6,278.768956289028,2021-07-05 21:16:12.042601+00:00
sif1zhzsz4yknucmaaafy0upet5k7jgv75pywymr8q,327.997900813435,2021-07-05 21:16:12.042601+00:00
sif1zlugjv7cjqkx4pzxyxrp83q57p74wzeesqswnt,278.768956289028,2021-07-05 21:16:12.042601+00:00
